,field_name,lib_id,new_value,obo_id
0,biol_rep,CNhs14406,biol_rep1,FF:13541-145H4
1,sample_type,CNhs14406,,FF:13541-145H4
2,biol_rep,CNhs14407,biol_rep2,FF:13542-145H5
3,sample_type,CNhs14407,,FF:13542-145H5
4,biol_rep,CNhs14408,biol_rep3,FF:13543-145H6
5,sample_type,CNhs14408,,FF:13543-145H6
6,biol_rep,CNhs14410,biol_rep1,FF:13544-145H7
7,sample_type,CNhs14410,,FF:13544-145H7
8,biol_rep,CNhs14411,biol_rep2,FF:13545-145H8
9,sample_type,CNhs14411,,FF:13545-145H8
10,biol_rep,CNhs14412,biol_rep3,FF:13546-145H9
11,sample_type,CNhs14412,,FF:13546-145H9
12,biol_rep,CNhs14413,biol_rep1,FF:13547-145I1
13,sample_type,CNhs14413,,FF:13547-145I1
14,biol_rep,CNhs14414,biol_rep2,FF:13548-145I2
15,sample_type,CNhs14414,,FF:13548-145I2
16,biol_rep,CNhs14415,biol_rep3,FF:13549-145I3
17,sample_type,CNhs14415,,FF:13549-145I3
18,biol_rep,CNhs14416,biol_rep1,FF:13550-145I4
19,sample_type,CNhs14416,,FF:13550-145I4
20,biol_rep,CNhs14417,biol_rep2,FF:13551-145I5
21,sample_type,CNhs14417,,FF:13551-145I5
22,biol_rep,CNhs14418,biol_rep3,FF:13552-145I6
23,sample_type,CNhs14418,,FF:13552-145I6
24,biol_rep,CNhs14463,biol_rep1,FF:13625-146H7
25,biol_rep,CNhs14464,biol_rep2,FF:13626-146H8
26,biol_rep,CNhs14465,biol_rep3,FF:13627-146H9
27,biol_rep,CNhs14466,biol_rep1,FF:13628-146I1
28,biol_rep,CNhs14467,biol_rep2,FF:13629-146I2
29,biol_rep,CNhs14468,biol_rep3,FF:13630-146I3
30,biol_rep,CNhs14469,biol_rep1,FF:13631-146I4
31,biol_rep,CNhs14470,biol_rep2,FF:13632-146I5
32,biol_rep,CNhs14471,biol_rep3,FF:13633-146I6
33,biol_rep,CNhs14472,biol_rep1,FF:13634-146I7
34,biol_rep,CNhs14473,biol_rep2,FF:13635-146I8
35,biol_rep,CNhs14474,biol_rep3,FF:13636-146I9
36,biol_rep,CNhs14475,biol_rep1,FF:13637-147A1
37,biol_rep,CNhs14476,biol_rep2,FF:13638-147A2
38,biol_rep,CNhs14477,biol_rep3,FF:13639-147A3
39,biol_rep,CNhs14478,biol_rep1,FF:13640-147A4
40,biol_rep,CNhs14479,biol_rep2,FF:13641-147A5
41,biol_rep,CNhs14480,biol_rep3,FF:13642-147A6
42,biol_rep,CNhs14482,biol_rep1,FF:13643-147A7
43,biol_rep,CNhs14483,biol_rep2,FF:13644-147A8
44,biol_rep,CNhs14484,biol_rep3,FF:13645-147A9
45,biol_rep,CNhs14485,biol_rep1,FF:13646-147B1
46,biol_rep,CNhs14486,biol_rep2,FF:13647-147B2
47,biol_rep,CNhs14487,biol_rep3,FF:13648-147B3
48,biol_rep,CNhs14488,biol_rep1,FF:13649-147B4
49,biol_rep,CNhs14489,biol_rep2,FF:13650-147B5
50,biol_rep,CNhs14490,biol_rep3,FF:13651-147B6
51,biol_rep,CNhs14491,biol_rep1,FF:13652-147B7
52,biol_rep,CNhs14492,biol_rep2,FF:13653-147B8
53,biol_rep,CNhs14493,biol_rep3,FF:13654-147B9
54,biol_rep,CNhs14494,biol_rep1,FF:13655-147C1
55,biol_rep,CNhs14495,biol_rep2,FF:13656-147C2
56,biol_rep,CNhs14496,biol_rep3,FF:13657-147C3
57,biol_rep,CNhs14497,biol_rep1,FF:13658-147C4
58,biol_rep,CNhs14498,biol_rep2,FF:13659-147C5
59,biol_rep,CNhs14499,biol_rep3,FF:13660-147C6
60,biol_rep,CNhs14500,biol_rep1,FF:13661-147C7
61,biol_rep,CNhs14501,biol_rep2,FF:13662-147C8
62,biol_rep,CNhs14518,biol_rep3,FF:13663-147C9
63,biol_rep,CNhs14519,biol_rep1,FF:13664-147D1
64,biol_rep,CNhs14520,biol_rep2,FF:13665-147D2
65,biol_rep,CNhs14522,biol_rep3,FF:13666-147D3
66,biol_rep,CNhs14523,biol_rep1,FF:13667-147D4
67,biol_rep,CNhs14524,biol_rep2,FF:13668-147D5
68,biol_rep,CNhs14525,biol_rep3,FF:13669-147D6
69,biol_rep,CNhs14526,biol_rep1,FF:13670-147D7
70,biol_rep,CNhs14527,biol_rep2,FF:13671-147D8
71,biol_rep,CNhs14528,biol_rep3,FF:13672-147D9
72,biol_rep,CNhs14530,biol_rep2,FF:13674-147E2
73,biol_rep,CNhs14531,biol_rep3,FF:13675-147E3
74,biol_rep,CNhs14532,biol_rep1,FF:13676-147E4
75,biol_rep,CNhs14533,biol_rep2,FF:13677-147E5
76,biol_rep,CNhs14534,biol_rep3,FF:13678-147E6
77,biol_rep,CNhs14535,biol_rep1,FF:13679-147E7
78,biol_rep,CNhs14536,biol_rep2,FF:13680-147E8
79,biol_rep,CNhs14537,biol_rep3,FF:13681-147E9
80,biol_rep,CNhs14538,biol_rep1,FF:13682-147F1
81,biol_rep,CNhs14539,biol_rep2,FF:13683-147F2
82,biol_rep,CNhs14540,biol_rep3,FF:13684-147F3
83,biol_rep,CNhs14541,biol_rep1,FF:13685-147F4
84,biol_rep,CNhs14542,biol_rep2,FF:13686-147F5
85,biol_rep,CNhs14543,biol_rep3,FF:13687-147F6
86,sample_type,CNhs12516,,FF:13019-139D4
87,sample_type,CNhs13410,,FF:13022-139D7
88,sample_type,CNhs13413,,FF:13025-139E1
89,sample_type,CNhs13417,,FF:13028-139E4
90,sample_type,CNhs12517,,FF:13020-139D5
91,sample_type,CNhs13411,,FF:13023-139D8
92,sample_type,CNhs13415,,FF:13026-139E2
93,sample_type,CNhs13418,,FF:13029-139E5
94,sample_type,CNhs13336,,FF:13021-139D6
95,sample_type,CNhs13412,,FF:13024-139D9
96,sample_type,CNhs13416,,FF:13027-139E3
97,sample_type,CNhs13419,,FF:13030-139E6
98,sample_type,CNhs13339,primary cell,FF:12642-134G5
99,sample_type,CNhs13358,primary cell,FF:12740-135I4
100,sample_type,CNhs13567,,FF:12838-137B3
101,sample_type,CNhs13340,,FF:12643-134G6
102,sample_type,CNhs13359,,FF:12741-135I5
103,sample_type,CNhs13568,,FF:12839-137B4
104,sample_type,CNhs13341,,FF:12644-134G7
105,sample_type,CNhs13360,,FF:12742-135I6
106,sample_type,CNhs13569,,FF:12840-137B5
107,sample_type,CNhs13343,,FF:12645-134G8
108,sample_type,CNhs13361,,FF:12743-135I7
109,sample_type,CNhs13571,,FF:12841-137B6
110,sample_type,CNhs12741,,FF:12646-134G9
111,sample_type,CNhs13362,,FF:12744-135I8
112,sample_type,CNhs13683,,FF:12842-137B7
113,sample_type,CNhs13344,,FF:12647-134H1
114,sample_type,CNhs13363,,FF:12745-135I9
115,sample_type,CNhs13572,,FF:12843-137B8
116,sample_type,CNhs13345,,FF:12648-134H2
117,sample_type,CNhs13364,,FF:12746-136A1
118,sample_type,CNhs13573,,FF:12844-137B9
119,sample_type,CNhs13346,,FF:12649-134H3
120,sample_type,CNhs13365,,FF:12747-136A2
121,sample_type,CNhs13574,,FF:12845-137C1
122,sample_type,CNhs13347,,FF:12650-134H4
123,sample_type,CNhs13367,,FF:12748-136A3
124,sample_type,CNhs13575,,FF:12846-137C2
125,sample_type,CNhs13348,,FF:12651-134H5
126,sample_type,CNhs13368,,FF:12749-136A4
127,sample_type,CNhs13576,,FF:12847-137C3
128,sample_type,CNhs13349,primary cell,FF:12652-134H6
129,sample_type,CNhs13369,primary cell,FF:12750-136A5
130,sample_type,CNhs13577,,FF:12848-137C4
131,sample_type,CNhs13350,,FF:12653-134H7
132,sample_type,CNhs13370,,FF:12751-136A6
133,sample_type,CNhs13578,,FF:12849-137C5
134,sample_type,CNhs13351,,FF:12654-134H8
135,sample_type,CNhs13371,,FF:12752-136A7
136,sample_type,CNhs13579,,FF:12850-137C6
137,sample_type,CNhs13352,,FF:12655-134H9
138,sample_type,CNhs13372,,FF:12753-136A8
139,sample_type,CNhs13580,,FF:12851-137C7
140,sample_type,CNhs13353,,FF:12656-134I1
141,sample_type,CNhs13373,,FF:12754-136A9
142,sample_type,CNhs13581,,FF:12852-137C8
143,sample_type,CNhs13354,,FF:12657-134I2
144,sample_type,CNhs13374,,FF:12755-136B1
145,sample_type,CNhs13582,,FF:12853-137C9
146,sample_type,CNhs13355,,FF:12658-134I3
147,sample_type,CNhs13375,,FF:12756-136B2
148,sample_type,CNhs13583,,FF:12854-137D1
149,sample_type,CNhs13682,,FF:12659-134I4
150,sample_type,CNhs13376,,FF:12757-136B3
151,sample_type,CNhs13584,,FF:12855-137D2
152,sample_type,CNhs13356,,FF:12660-134I5
153,sample_type,CNhs13377,,FF:12758-136B4
154,sample_type,CNhs13585,,FF:12856-137D3
155,sample_type,CNhs13357,,FF:12661-134I6
156,sample_type,CNhs13378,,FF:12759-136B5
157,sample_type,CNhs13586,,FF:12857-137D4
158,tech_rep,CNhs12588,tech_rep1,FF:12225-129F2
159,tech_rep,CNhs12553,tech_rep2,FF:12225-129F2
160,sample_type,CNhs13918,,FF:11915-125G7
161,sample_type,CNhs13919,,FF:11919-125H2
162,sample_type,CNhs13920,,FF:11914-125G6
163,sample_type,CNhs13921,,FF:11918-125H1
164,biol_rep,CNhs14419,biol_rep1,FF:13553-145I7
165,sample_type,CNhs14419,,FF:13553-145I7
166,biol_rep,CNhs14420,biol_rep2,FF:13554-145I8
167,sample_type,CNhs14420,,FF:13554-145I8
168,biol_rep,CNhs14421,biol_rep3,FF:13555-145I9
169,sample_type,CNhs14421,,FF:13555-145I9
170,biol_rep,CNhs14422,biol_rep1,FF:13556-146A1
171,sample_type,CNhs14422,,FF:13556-146A1
172,biol_rep,CNhs14423,biol_rep2,FF:13557-146A2
173,sample_type,CNhs14423,,FF:13557-146A2
174,biol_rep,CNhs14424,biol_rep3,FF:13558-146A3
175,sample_type,CNhs14424,,FF:13558-146A3
176,biol_rep,CNhs14425,biol_rep1,FF:13559-146A4
177,sample_type,CNhs14425,,FF:13559-146A4
178,biol_rep,CNhs14426,biol_rep2,FF:13560-146A5
179,sample_type,CNhs14426,,FF:13560-146A5
180,biol_rep,CNhs14427,biol_rep3,FF:13561-146A6
181,sample_type,CNhs14427,,FF:13561-146A6
182,biol_rep,CNhs14428,biol_rep1,FF:13562-146A7
183,sample_type,CNhs14428,,FF:13562-146A7
184,biol_rep,CNhs14429,biol_rep2,FF:13563-146A8
185,sample_type,CNhs14429,,FF:13563-146A8
186,biol_rep,CNhs14430,biol_rep3,FF:13564-146A9
187,sample_type,CNhs14430,,FF:13564-146A9
188,biol_rep,CNhs14431,biol_rep1,FF:13565-146B1
189,sample_type,CNhs14431,,FF:13565-146B1
190,biol_rep,CNhs14432,biol_rep2,FF:13566-146B2
191,sample_type,CNhs14432,,FF:13566-146B2
192,biol_rep,CNhs14434,biol_rep3,FF:13567-146B3
193,sample_type,CNhs14434,,FF:13567-146B3
194,biol_rep,CNhs14435,biol_rep1,FF:13568-146B4
195,sample_type,CNhs14435,,FF:13568-146B4
196,biol_rep,CNhs14436,biol_rep2,FF:13569-146B5
197,sample_type,CNhs14436,,FF:13569-146B5
198,biol_rep,CNhs14437,biol_rep3,FF:13570-146B6
199,sample_type,CNhs14437,,FF:13570-146B6
200,biol_rep,CNhs14438,biol_rep1,FF:13571-146B7
201,sample_type,CNhs14438,,FF:13571-146B7
202,biol_rep,CNhs14439,biol_rep2,FF:13572-146B8
203,sample_type,CNhs14439,,FF:13572-146B8
204,biol_rep,CNhs14440,biol_rep3,FF:13573-146B9
205,sample_type,CNhs14440,,FF:13573-146B9
206,biol_rep,CNhs14441,biol_rep1,FF:13574-146C1
207,sample_type,CNhs14441,,FF:13574-146C1
208,biol_rep,CNhs14442,biol_rep2,FF:13575-146C2
209,sample_type,CNhs14442,,FF:13575-146C2
210,biol_rep,CNhs14443,biol_rep3,FF:13576-146C3
211,sample_type,CNhs14443,,FF:13576-146C3
212,biol_rep,CNhs14444,biol_rep1,FF:13577-146C4
213,sample_type,CNhs14444,,FF:13577-146C4
214,biol_rep,CNhs14445,biol_rep2,FF:13578-146C5
215,sample_type,CNhs14445,,FF:13578-146C5
216,biol_rep,CNhs14446,biol_rep3,FF:13579-146C6
217,sample_type,CNhs14446,,FF:13579-146C6
218,tech_rep,CNhs10855,tech_rep1,FF:11227-116C3
219,tech_rep,CNhs11062,tech_rep2,FF:11227-116C3
220,biol_rep,CNhs12404,donor1,FF:14326-155E6
221,biol_rep,CNhs12398,donor3,FF:14305-155C3
222,biol_rep,CNhs14067,biol_rep1,FF:13523-145F4
223,sample_type,CNhs14067,,FF:13523-145F4
224,biol_rep,CNhs14068,biol_rep2,FF:13524-145F5
225,sample_type,CNhs14068,,FF:13524-145F5
226,biol_rep,CNhs13964,biol_rep3,FF:13525-145F6
227,sample_type,CNhs13964,,FF:13525-145F6
228,biol_rep,CNhs13965,biol_rep1,FF:13526-145F7
229,sample_type,CNhs13965,,FF:13526-145F7
230,biol_rep,CNhs13966,biol_rep2,FF:13527-145F8
231,sample_type,CNhs13966,,FF:13527-145F8
232,biol_rep,CNhs13968,biol_rep3,FF:13528-145F9
233,sample_type,CNhs13968,,FF:13528-145F9
234,biol_rep,CNhs13969,biol_rep1,FF:13529-145G1
235,sample_type,CNhs13969,,FF:13529-145G1
236,biol_rep,CNhs13970,biol_rep2,FF:13530-145G2
237,sample_type,CNhs13970,,FF:13530-145G2
238,biol_rep,CNhs13971,biol_rep3,FF:13531-145G3
239,sample_type,CNhs13971,,FF:13531-145G3
240,sample_type,CNhs13694,,FF:13364-143F7
241,sample_type,CNhs13695,,FF:13365-143F8
242,sample_type,CNhs13738,primary cell,FF:13366-143F9
243,biol_rep,CNhs13925,donor5,FF:11940-126A5
244,biol_rep,CNhs13927,donor8,FF:11942-126A7
245,biol_rep,CNhs13924,donor5,FF:11939-126A4
246,biol_rep,CNhs13926,donor8,FF:11941-126A6
247,sample_type,CNhs12816,primary cell,FF:12641-134G4
248,sample_type,CNhs13156,primary cell,FF:12739-135I3
249,sample_type,CNhs13406,primary cell,FF:12837-137B2
250,biol_rep,CNhs14586,donor1,FF:13496-145C4
251,sample_type,CNhs14586,,FF:13496-145C4
252,biol_rep,CNhs14596,donor2,FF:13505-145D4
253,sample_type,CNhs14596,,FF:13505-145D4
254,biol_rep,CNhs14605,donor3,FF:13514-145E4
255,sample_type,CNhs14605,,FF:13514-145E4
256,biol_rep,CNhs13847,donor1,FF:13469-144I4
257,sample_type,CNhs13847,primary cell,FF:13469-144I4
258,biol_rep,CNhs14567,donor2,FF:13478-145A4
259,sample_type,CNhs14567,,FF:13478-145A4
260,biol_rep,CNhs14577,donor3,FF:13487-145B4
261,sample_type,CNhs14577,,FF:13487-145B4
262,biol_rep,CNhs14587,donor1,FF:13497-145C5
263,sample_type,CNhs14587,,FF:13497-145C5
264,biol_rep,CNhs14597,donor2,FF:13506-145D5
265,sample_type,CNhs14597,,FF:13506-145D5
266,biol_rep,CNhs14606,donor3,FF:13515-145E5
267,sample_type,CNhs14606,,FF:13515-145E5
268,biol_rep,CNhs13848,donor1,FF:13470-144I5
269,sample_type,CNhs13848,,FF:13470-144I5
270,biol_rep,CNhs14568,donor2,FF:13479-145A5
271,sample_type,CNhs14568,,FF:13479-145A5
272,biol_rep,CNhs14578,donor3,FF:13488-145B5
273,sample_type,CNhs14578,,FF:13488-145B5
274,biol_rep,CNhs14588,donor1,FF:13498-145C6
275,sample_type,CNhs14588,,FF:13498-145C6
276,biol_rep,CNhs14598,donor2,FF:13507-145D6
277,sample_type,CNhs14598,,FF:13507-145D6
278,biol_rep,CNhs14607,donor3,FF:13516-145E6
279,sample_type,CNhs14607,,FF:13516-145E6
280,biol_rep,CNhs13849,donor1,FF:13471-144I6
281,sample_type,CNhs13849,,FF:13471-144I6
282,biol_rep,CNhs14570,donor2,FF:13480-145A6
283,sample_type,CNhs14570,,FF:13480-145A6
284,biol_rep,CNhs14579,donor3,FF:13489-145B6
285,sample_type,CNhs14579,,FF:13489-145B6
286,biol_rep,CNhs14589,donor1,FF:13499-145C7
287,sample_type,CNhs14589,,FF:13499-145C7
288,biol_rep,CNhs14599,donor2,FF:13508-145D7
289,sample_type,CNhs14599,,FF:13508-145D7
290,biol_rep,CNhs13850,donor1,FF:13472-144I7
291,sample_type,CNhs13850,,FF:13472-144I7
292,biol_rep,CNhs14571,donor2,FF:13481-145A7
293,sample_type,CNhs14571,,FF:13481-145A7
294,biol_rep,CNhs14580,donor3,FF:13490-145B7
295,sample_type,CNhs14580,,FF:13490-145B7
296,biol_rep,CNhs14590,donor1,FF:13500-145C8
297,sample_type,CNhs14590,,FF:13500-145C8
298,biol_rep,CNhs14600,donor2,FF:13509-145D8
299,sample_type,CNhs14600,,FF:13509-145D8
300,biol_rep,CNhs14609,donor3,FF:13518-145E8
301,sample_type,CNhs14609,,FF:13518-145E8
302,biol_rep,CNhs13851,donor1,FF:13473-144I8
303,sample_type,CNhs13851,,FF:13473-144I8
304,biol_rep,CNhs14572,donor2,FF:13482-145A8
305,sample_type,CNhs14572,,FF:13482-145A8
306,biol_rep,CNhs14581,donor3,FF:13491-145B8
307,sample_type,CNhs14581,,FF:13491-145B8
308,biol_rep,CNhs14591,donor1,FF:13501-145C9
309,sample_type,CNhs14591,,FF:13501-145C9
310,biol_rep,CNhs14601,donor2,FF:13510-145D9
311,sample_type,CNhs14601,,FF:13510-145D9
312,biol_rep,CNhs14610,donor3,FF:13519-145E9
313,sample_type,CNhs14610,,FF:13519-145E9
314,biol_rep,CNhs13852,donor1,FF:13474-144I9
315,sample_type,CNhs13852,,FF:13474-144I9
316,biol_rep,CNhs14573,donor2,FF:13483-145A9
317,sample_type,CNhs14573,,FF:13483-145A9
318,biol_rep,CNhs14582,donor3,FF:13492-145B9
319,sample_type,CNhs14582,,FF:13492-145B9
320,biol_rep,CNhs14592,donor1,FF:13502-145D1
321,sample_type,CNhs14592,,FF:13502-145D1
322,biol_rep,CNhs14602,donor2,FF:13511-145E1
323,sample_type,CNhs14602,,FF:13511-145E1
324,biol_rep,CNhs14611,donor3,FF:13520-145F1
325,sample_type,CNhs14611,,FF:13520-145F1
326,biol_rep,CNhs13853,donor1,FF:13475-145A1
327,sample_type,CNhs13853,,FF:13475-145A1
328,biol_rep,CNhs14574,donor2,FF:13484-145B1
329,sample_type,CNhs14574,,FF:13484-145B1
330,biol_rep,CNhs14583,donor3,FF:13493-145C1
331,sample_type,CNhs14583,,FF:13493-145C1
332,biol_rep,CNhs14594,donor1,FF:13503-145D2
333,sample_type,CNhs14594,,FF:13503-145D2
334,biol_rep,CNhs14603,donor2,FF:13512-145E2
335,sample_type,CNhs14603,,FF:13512-145E2
336,biol_rep,CNhs14612,donor3,FF:13521-145F2
337,sample_type,CNhs14612,,FF:13521-145F2
338,biol_rep,CNhs13854,donor1,FF:13476-145A2
339,sample_type,CNhs13854,,FF:13476-145A2
340,biol_rep,CNhs14575,donor2,FF:13485-145B2
341,sample_type,CNhs14575,,FF:13485-145B2
342,biol_rep,CNhs14584,donor3,FF:13494-145C2
343,sample_type,CNhs14584,,FF:13494-145C2
344,biol_rep,CNhs14595,donor1,FF:13504-145D3
345,sample_type,CNhs14595,,FF:13504-145D3
346,biol_rep,CNhs14604,donor2,FF:13513-145E3
347,sample_type,CNhs14604,,FF:13513-145E3
348,biol_rep,CNhs14613,donor3,FF:13522-145F3
349,sample_type,CNhs14613,,FF:13522-145F3
350,biol_rep,CNhs14566,donor1,FF:13477-145A3
351,sample_type,CNhs14566,,FF:13477-145A3
352,biol_rep,CNhs14576,donor2,FF:13486-145B3
353,sample_type,CNhs14576,,FF:13486-145B3
354,biol_rep,CNhs14585,donor3,FF:13495-145C3
355,sample_type,CNhs14585,,FF:13495-145C3
356,biol_rep,CNhs13816,donor1,FF:11933-125I7
357,biol_rep,CNhs13817,donor2,FF:11934-125I8
358,biol_rep,CNhs13818,donor3,FF:11935-125I9
359,biol_rep,CNhs13819,donor4,FF:11936-126A1
360,biol_rep,CNhs14562,donor2,FF:14319-155D8
361,sample_type,CNhs12893,primary cell,FF:11519-119H7
362,sample_type,CNhs12348,primary cell,FF:11592-120G8
363,sample_type,CNhs10868,primary cell,FF:11239-116D6
364,sample_type,CNhs11963,primary cell,FF:11320-117D6
365,sample_type,CNhs12007,primary cell,FF:11396-118D1
366,sample_type,CNhs12595,primary cell,FF:11509-119G6
367,sample_type,CNhs11991,primary cell,FF:11367-117I8
368,sample_type,CNhs12049,primary cell,FF:11439-118H8
369,sample_type,CNhs12597,primary cell,FF:11541-120B2
370,sample_type,CNhs12569,primary cell,FF:11621-122B1
371,sample_type,CNhs13076,primary cell,FF:11702-123B1
372,sample_type,CNhs10839,primary cell,FF:11212-116A6
373,biol_rep,CNhs14183,donor1,FF:11960-126C7
374,biol_rep,CNhs14184,donor2,FF:11961-126C8
375,biol_rep,CNhs14186,donor3,FF:11962-126C9
376,biol_rep,CNhs14187,donor4,FF:11963-126D1
377,biol_rep,CNhs14188,donor5,FF:11964-126D2
378,biol_rep,CNhs14189,donor6,FF:11965-126D3
379,biol_rep,CNhs14190,donor1,FF:11966-126D4
380,biol_rep,CNhs14191,donor2,FF:11967-126D5
381,biol_rep,CNhs14192,donor3,FF:11968-126D6
382,biol_rep,CNhs14193,donor4,FF:11969-126D7
383,biol_rep,CNhs14078,donor10223,FF:10360-105E9
384,biol_rep,CNhs14232,donor10258,FF:10379-105H1
385,biol_rep,CNhs14071,donor10223,FF:10354-105E3
386,biol_rep,CNhs13799,donor10196,FF:10173-103C2
387,biol_rep,CNhs14075,donor10223,FF:10357-105E6
388,tech_rep,CNhs11781,tech_rep1,FF:10071-101I8
389,tech_rep,CNhs12997,tech_rep2,FF:10071-101I8
390,biol_rep,CNhs13914,donor1,FF:11937-126A2
391,biol_rep,CNhs13915,donor2,FF:11938-126A3
392,tech_rep,CNhs11248,tech_rep2,FF:10444-106F3
393,biol_rep,CNhs14549,donor10258,FF:10367-105F7
394,biol_rep,CNhs14082,donor10223,FF:10364-105F4
395,biol_rep,CNhs14217,biol_rep1,FF:14383-156B9
396,sample_type,CNhs14217,,FF:14383-156B9
397,biol_rep,CNhs14218,biol_rep2,FF:14384-156C1
398,sample_type,CNhs14218,,FF:14384-156C1
399,biol_rep,CNhs14219,biol_rep3,FF:14385-156C2
400,sample_type,CNhs14219,,FF:14385-156C2
401,biol_rep,CNhs14214,biol_rep1,FF:14380-156B6
402,sample_type,CNhs14214,,FF:14380-156B6
403,biol_rep,CNhs14215,biol_rep2,FF:14381-156B7
404,sample_type,CNhs14215,,FF:14381-156B7
405,biol_rep,CNhs14216,biol_rep3,FF:14382-156B8
406,sample_type,CNhs14216,,FF:14382-156B8
407,biol_rep,CNhs11757,donor1,FF:10050-101G5
408,biol_rep,CNhs11758,donor1,FF:10051-101G6
409,biol_rep,CNhs14227,donor10258,FF:10374-105G5
410,biol_rep,CNhs14081,donor10223,FF:10363-105F3
411,biol_rep,CNhs14045,rep1,FF:13421-144D1
412,sample_type,CNhs14045,,FF:13421-144D1
413,biol_rep,CNhs13822,rep2,FF:13425-144D5
414,sample_type,CNhs13822,primary cell,FF:13425-144D5
415,biol_rep,CNhs14049,rep3,FF:13429-144D9
416,sample_type,CNhs14049,,FF:13429-144D9
417,biol_rep,CNhs14046,rep1,FF:13422-144D2
418,sample_type,CNhs14046,,FF:13422-144D2
419,biol_rep,CNhs13823,rep2,FF:13426-144D6
420,sample_type,CNhs13823,,FF:13426-144D6
421,biol_rep,CNhs14050,rep3,FF:13430-144E1
422,sample_type,CNhs14050,,FF:13430-144E1
423,biol_rep,CNhs14047,rep1,FF:13423-144D3
424,sample_type,CNhs14047,,FF:13423-144D3
425,biol_rep,CNhs13824,rep2,FF:13427-144D7
426,sample_type,CNhs13824,,FF:13427-144D7
427,biol_rep,CNhs14051,rep3,FF:13431-144E2
428,sample_type,CNhs14051,,FF:13431-144E2
429,biol_rep,CNhs13916,rep1,FF:13424-144D4
430,sample_type,CNhs13916,,FF:13424-144D4
431,biol_rep,CNhs13825,rep2,FF:13428-144D8
432,sample_type,CNhs13825,,FF:13428-144D8
433,biol_rep,CNhs13917,rep3,FF:13432-144E3
434,sample_type,CNhs13917,,FF:13432-144E3
435,biol_rep,CNhs13826,rep1,FF:13433-144E4
436,sample_type,CNhs13826,primary cell,FF:13433-144E4
437,biol_rep,CNhs13839,rep2,FF:13437-144E8
438,sample_type,CNhs13839,primary cell,FF:13437-144E8
439,biol_rep,CNhs14052,rep3,FF:13441-144F3
440,sample_type,CNhs14052,,FF:13441-144F3
441,biol_rep,CNhs13827,rep1,FF:13434-144E5
442,sample_type,CNhs13827,,FF:13434-144E5
443,biol_rep,CNhs13840,rep2,FF:13438-144E9
444,sample_type,CNhs13840,,FF:13438-144E9
445,biol_rep,CNhs14053,rep3,FF:13442-144F4
446,sample_type,CNhs14053,,FF:13442-144F4
447,biol_rep,CNhs13828,rep1,FF:13435-144E6
448,sample_type,CNhs13828,,FF:13435-144E6
449,biol_rep,CNhs13841,rep2,FF:13439-144F1
450,sample_type,CNhs13841,,FF:13439-144F1
451,biol_rep,CNhs14054,rep3,FF:13443-144F5
452,sample_type,CNhs14054,,FF:13443-144F5
453,biol_rep,CNhs13829,rep1,FF:13436-144E7
454,sample_type,CNhs13829,,FF:13436-144E7
455,biol_rep,CNhs13842,rep2,FF:13440-144F2
456,sample_type,CNhs13842,,FF:13440-144F2
457,biol_rep,CNhs14055,rep3,FF:13444-144F6
458,sample_type,CNhs14055,,FF:13444-144F6
459,biol_rep,CNhs13830,rep1,FF:13445-144F7
460,sample_type,CNhs13830,,FF:13445-144F7
461,biol_rep,CNhs13843,rep2,FF:13449-144G2
462,sample_type,CNhs13843,,FF:13449-144G2
463,biol_rep,CNhs14056,rep3,FF:13453-144G6
464,sample_type,CNhs14056,,FF:13453-144G6
465,biol_rep,CNhs13831,rep1,FF:13446-144F8
466,sample_type,CNhs13831,,FF:13446-144F8
467,biol_rep,CNhs13844,rep2,FF:13450-144G3
468,sample_type,CNhs13844,,FF:13450-144G3
469,biol_rep,CNhs14057,rep3,FF:13454-144G7
470,sample_type,CNhs14057,,FF:13454-144G7
471,biol_rep,CNhs13832,rep1,FF:13447-144F9
472,sample_type,CNhs13832,,FF:13447-144F9
473,biol_rep,CNhs13845,rep2,FF:13451-144G4
474,sample_type,CNhs13845,,FF:13451-144G4
475,biol_rep,CNhs14058,rep3,FF:13455-144G8
476,sample_type,CNhs14058,,FF:13455-144G8
477,biol_rep,CNhs13833,rep1,FF:13448-144G1
478,sample_type,CNhs13833,,FF:13448-144G1
479,biol_rep,CNhs13846,rep2,FF:13452-144G5
480,sample_type,CNhs13846,,FF:13452-144G5
481,biol_rep,CNhs14059,rep3,FF:13456-144G9
482,sample_type,CNhs14059,,FF:13456-144G9
483,biol_rep,CNhs13835,rep1,FF:13457-144H1
484,sample_type,CNhs13835,,FF:13457-144H1
485,biol_rep,CNhs14060,rep2,FF:13461-144H5
486,sample_type,CNhs14060,,FF:13461-144H5
487,biol_rep,CNhs14063,rep3,FF:13465-144H9
488,sample_type,CNhs14063,,FF:13465-144H9
489,biol_rep,CNhs13836,rep1,FF:13458-144H2
490,sample_type,CNhs13836,,FF:13458-144H2
491,biol_rep,CNhs14061,rep2,FF:13462-144H6
492,sample_type,CNhs14061,,FF:13462-144H6
493,biol_rep,CNhs14064,rep3,FF:13466-144I1
494,sample_type,CNhs14064,,FF:13466-144I1
495,biol_rep,CNhs13837,rep1,FF:13459-144H3
496,sample_type,CNhs13837,,FF:13459-144H3
497,biol_rep,CNhs14062,rep2,FF:13463-144H7
498,sample_type,CNhs14062,,FF:13463-144H7
499,biol_rep,CNhs14065,rep3,FF:13467-144I2
500,sample_type,CNhs14065,,FF:13467-144I2
501,biol_rep,CNhs13838,rep1,FF:13460-144H4
502,sample_type,CNhs13838,,FF:13460-144H4
503,biol_rep,CNhs13922,rep2,FF:13464-144H8
504,sample_type,CNhs13922,,FF:13464-144H8
505,biol_rep,CNhs14066,rep3,FF:13468-144I3
506,sample_type,CNhs14066,,FF:13468-144I3
507,biol_rep,CNhs13808,donor10196,FF:10182-103D2
508,biol_rep,CNhs14550,donor10258,FF:10375-105G6
509,biol_rep,CNhs14080,donor10223,FF:10362-105F2
510,biol_rep,CNhs13796,donor10196,FF:10170-103B8
511,biol_rep,CNhs14221,donor10258,FF:10368-105F8
512,biol_rep,CNhs14069,donor10223,FF:10352-105E1
513,biol_rep,CNhs14229,donor10258,FF:10376-105G7
514,tech_rep,CNhs14229,tech_rep1,FF:10376-105G7
515,biol_rep,CNhs14552,donor10258,FF:10376-105G7
516,tech_rep,CNhs14552,tech_rep2,FF:10376-105G7
517,biol_rep,CNhs14070,donor10223,FF:10353-105E2
518,biol_rep,CNhs14079,donor10223,FF:10361-105F1
519,tech_rep,CNhs13065,tech_rep1,FF:10849-111F3
520,tech_rep,CNhs14376,tech_rep2,FF:10849-111F3
521,tech_rep,CNhs12589,tech_rep1,FF:12226-129F3
522,tech_rep,CNhs12554,tech_rep2,FF:12226-129F3
523,biol_rep,CNhs14073,donor10223,FF:10355-105E4
524,biol_rep,CNhs14226,donor10258,FF:10373-105G4
525,biol_rep,CNhs14074,donor10223,FF:10356-105E5
526,biol_rep,CNhs14230,donor10258,FF:10377-105G8
527,biol_rep,CNhs14231,donor10258,FF:10378-105G9
528,biol_rep,CNhs14225,donor10258,FF:10372-105G3
529,tech_rep,CNhs14225,tech_rep1,FF:10372-105G3
530,biol_rep,CNhs14618,donor10258,FF:10372-105G3
531,tech_rep,CNhs14618,tech_rep2,FF:10372-105G3
532,biol_rep,CNhs14083,donor10223,FF:10365-105F5
533,tech_rep,CNhs11245,tech_rep2,FF:10442-106F1
534,biol_rep,CNhs14222,donor10258,FF:10369-105F9
535,biol_rep,CNhs14077,donor10223,FF:10359-105E8
536,biol_rep,CNhs14224,donor10258,FF:10371-105G2
537,biol_rep,CNhs14076,donor10223,FF:10358-105E7
538,biol_rep,CNhs11772,donor1,FF:10063-101H9
539,tech_rep,CNhs11772,tech_rep1,FF:10063-101H9
540,biol_rep,CNhs12996,donor1,FF:10063-101H9
541,tech_rep,CNhs12996,tech_rep2,FF:10063-101H9
542,biol_rep,CNhs14223,donor10258,FF:10370-105G1
543,tech_rep,CNhs14223,tech_rep1,FF:10370-105G1
544,biol_rep,CNhs14551,donor10258,FF:10370-105G1
545,tech_rep,CNhs14551,tech_rep2,FF:10370-105G1
546,biol_rep,CNhs14084,donor10223,FF:10366-105F6
